Epoch,Train Loss,Val Loss,Train Accuracy,Val Accuracy
1,22.03093147277832,1.5235835313796997,0.23385415971279144,0.6573705077171326
2,1.5080931186676025,0.8643686771392822,0.5635416507720947,0.7490040063858032
3,1.0861881971359253,0.5033771991729736,0.7046874761581421,0.8725099563598633
4,0.7533025741577148,0.5070744156837463,0.793749988079071,0.9203187227249146
5,0.5622031092643738,0.31264814734458923,0.8494791388511658,0.9402390718460083
6,0.3838997483253479,0.38106769323349,0.893750011920929,0.9243028163909912
7,0.28791967034339905,0.3208714425563812,0.9229166507720947,0.9322709441184998
8,0.31561946868896484,0.36281874775886536,0.9135416746139526,0.9243028163909912
9,0.2781413197517395,0.5235721468925476,0.9260416626930237,0.8804780840873718
10,0.46776825189590454,0.3565991520881653,0.8786458373069763,0.9243028163909912
11,0.20492598414421082,0.3652985394001007,0.9411458373069763,0.9203187227249146
12,0.20701882243156433,0.3321187198162079,0.9458333253860474,0.9322709441184998
13,0.17545075714588165,0.40641799569129944,0.9505208134651184,0.9203187227249146
14,0.33945217728614807,0.46260231733322144,0.9114583134651184,0.8486055731773376
15,0.3416523337364197,0.5088719725608826,0.9125000238418579,0.8605577945709229
16,0.5404860973358154,0.5284119248390198,0.8666666746139526,0.8804780840873718
17,0.44293078780174255,0.3532813787460327,0.8885416388511658,0.9163346886634827
18,0.21602429449558258,0.3121841847896576,0.940625011920929,0.9282868504524231
19,0.1317085176706314,0.29248175024986267,0.9651041626930237,0.9362549781799316
20,0.11766300350427628,0.30424466729164124,0.9677083492279053,0.9482071995735168
21,0.10260555148124695,0.3595418334007263,0.9713541865348816,0.9203187227249146
22,0.1203460767865181,0.3241436779499054,0.9661458134651184,0.9282868504524231
23,0.14223627746105194,0.4027918875217438,0.9619791507720947,0.9322709441184998
24,0.1886753886938095,0.3697010576725006,0.957812488079071,0.9322709441184998
25,0.11897469311952591,0.2850399613380432,0.9697916507720947,0.9322709441184998
26,0.13093431293964386,0.3360869586467743,0.9661458134651184,0.9442231059074402
27,0.11486043781042099,0.48712268471717834,0.9765625,0.9043824672698975
28,0.10480191558599472,0.44677674770355225,0.9713541865348816,0.9083665609359741
29,0.11084509640932083,0.5057669878005981,0.9723958373069763,0.9163346886634827
30,0.09671776741743088,0.4174354076385498,0.96875,0.9282868504524231
